[
  {
    "id": "6ff66106-1197-42ee-83a1-293cd1e6323e",
    "data": [
      {
        "text": "check how ",
        "userDefined": false
      },
      {
        "text": "many",
        "userDefined": true
      },
      {
        "text": " ",
        "userDefined": false
      },
      {
        "text": "seconds",
        "meta": "@unit-time",
        "alias": "unit",
        "userDefined": true
      },
      {
        "text": " it\u0027s been since ",
        "userDefined": false
      },
      {
        "text": "yesterday",
        "meta": "@sys.date",
        "alias": "date",
        "userDefined": true
      }
    ],
    "isTemplate": false,
    "count": 0,
    "lang": "en",
    "updated": 0
  },
  {
    "id": "ac0143ec-af4e-4f4b-b404-85593f385273",
    "data": [
      {
        "text": "how ",
        "userDefined": false
      },
      {
        "text": "many",
        "userDefined": true
      },
      {
        "text": " ",
        "userDefined": false
      },
      {
        "text": "days",
        "meta": "@unit-time",
        "alias": "unit",
        "userDefined": true
      },
      {
        "text": " since ",
        "userDefined": false
      },
      {
        "text": "September 7",
        "meta": "@sys.date",
        "alias": "date",
        "userDefined": true
      }
    ],
    "isTemplate": false,
    "count": 0,
    "lang": "en",
    "updated": 0
  },
  {
    "id": "b31c19d2-2333-46de-bf1c-55dfb8cac0ca",
    "data": [
      {
        "text": "tell",
        "userDefined": true
      },
      {
        "text": " ",
        "userDefined": false
      },
      {
        "text": "me",
        "userDefined": true
      },
      {
        "text": " how ",
        "userDefined": false
      },
      {
        "text": "many",
        "userDefined": true
      },
      {
        "text": " ",
        "userDefined": false
      },
      {
        "text": "hours",
        "meta": "@unit-time",
        "alias": "unit",
        "userDefined": true
      },
      {
        "text": " have passed since ",
        "userDefined": false
      },
      {
        "text": "June 11th",
        "meta": "@sys.date",
        "alias": "date",
        "userDefined": true
      }
    ],
    "isTemplate": false,
    "count": 0,
    "lang": "en",
    "updated": 0
  },
  {
    "id": "aa487464-458c-454e-b8ab-a07113b81271",
    "data": [
      {
        "text": "calculate how ",
        "userDefined": false
      },
      {
        "text": "many",
        "userDefined": true
      },
      {
        "text": " ",
        "userDefined": false
      },
      {
        "text": "weeks",
        "meta": "@unit-time",
        "alias": "unit",
        "userDefined": true
      },
      {
        "text": " it\u0027s been since ",
        "userDefined": false
      },
      {
        "text": "last Friday",
        "meta": "@sys.date",
        "alias": "date",
        "userDefined": true
      }
    ],
    "isTemplate": false,
    "count": 0,
    "lang": "en",
    "updated": 0
  },
  {
    "id": "7fb290ec-01b6-4bc6-a576-99d00bb92930",
    "data": [
      {
        "text": "how ",
        "userDefined": false
      },
      {
        "text": "many",
        "userDefined": true
      },
      {
        "text": " ",
        "userDefined": false
      },
      {
        "text": "months",
        "meta": "@unit-time",
        "alias": "unit",
        "userDefined": true
      },
      {
        "text": " have passed since ",
        "userDefined": false
      },
      {
        "text": "April 1st 2014",
        "meta": "@sys.date",
        "alias": "date",
        "userDefined": true
      }
    ],
    "isTemplate": false,
    "count": 0,
    "lang": "en",
    "updated": 0
  }
]