[
  {
    "id": "e680d84b-bc8d-4260-9d24-7fe559e1a62a",
    "data": [
      {
        "text": "Your sexy",
        "meta": "@nds",
        "alias": "nds",
        "userDefined": false
      },
      {
        "text": " ",
        "userDefined": false
      },
      {
        "text": "Bianca",
        "meta": "@duckduckgo",
        "alias": "duckduckgo",
        "userDefined": false
      },
      {
        "text": ".",
        "userDefined": false
      }
    ],
    "isTemplate": false,
    "count": 0,
    "lang": "en",
    "updated": 0
  },
  {
    "id": "a47e6245-a1cd-486a-a009-30fe7fc7d647",
    "data": [
      {
        "text": "Your beautiful.",
        "userDefined": false
      }
    ],
    "isTemplate": false,
    "count": 0,
    "lang": "en",
    "updated": 0
  },
  {
    "id": "88ff3677-4ed8-442d-995d-cd0b1814f15f",
    "data": [
      {
        "text": "I think your smart.",
        "userDefined": false
      }
    ],
    "isTemplate": false,
    "count": 0,
    "lang": "en",
    "updated": 0
  },
  {
    "id": "927db62f-15c4-414b-88d5-3f9a9664428d",
    "data": [
      {
        "text": "Your very sexy",
        "meta": "@nds",
        "alias": "nds",
        "userDefined": false
      },
      {
        "text": ".",
        "userDefined": false
      }
    ],
    "isTemplate": false,
    "count": 0,
    "lang": "en",
    "updated": 0
  },
  {
    "id": "c87b51a3-6f4b-44cc-b7d7-c1393920cc1a",
    "data": [
      {
        "text": "Your very hot.",
        "userDefined": false
      }
    ],
    "isTemplate": false,
    "count": 0,
    "lang": "en",
    "updated": 0
  }
]