[
  {
    "id": "e4ac43bf-b5cc-4b58-b170-48a0a827db81",
    "data": [
      {
        "text": "Do",
        "meta": "@How_Are_You",
        "alias": "how_are_you",
        "userDefined": false
      },
      {
        "text": " you ",
        "userDefined": false
      },
      {
        "text": "do",
        "meta": "@How_Are_You",
        "alias": "how_are_you",
        "userDefined": false
      },
      {
        "text": " tarot cards reading?",
        "userDefined": false
      }
    ],
    "isTemplate": false,
    "count": 0,
    "lang": "en",
    "updated": 0
  },
  {
    "id": "6da6a581-6867-408d-9c2d-39aaf2a63e3a",
    "data": [
      {
        "text": "Can you ",
        "userDefined": false
      },
      {
        "text": "do",
        "meta": "@How_Are_You",
        "alias": "how_are_you",
        "userDefined": false
      },
      {
        "text": " a tarot card reading?",
        "userDefined": false
      }
    ],
    "isTemplate": false,
    "count": 0,
    "lang": "en",
    "updated": 0
  },
  {
    "id": "a6729d87-5a74-4ae1-ae0f-47799dbf3bd3",
    "data": [
      {
        "text": "Make",
        "meta": "@create",
        "alias": "create",
        "userDefined": false
      },
      {
        "text": " a tarot card reading please?",
        "userDefined": false
      }
    ],
    "isTemplate": false,
    "count": 1,
    "lang": "en",
    "updated": 0
  },
  {
    "id": "edfa9af0-07d4-49c3-ae9d-395960bdd996",
    "data": [
      {
        "text": "Do",
        "meta": "@How_Are_You",
        "alias": "how_are_you",
        "userDefined": false
      },
      {
        "text": " a Tarot card reading?",
        "userDefined": false
      }
    ],
    "isTemplate": false,
    "count": 0,
    "lang": "en",
    "updated": 0
  }
]