[
  {
    "id": "59ec167c-a7df-47aa-b38c-c771888e784f",
    "data": [
      {
        "text": "dogs",
        "meta": "@sys.any",
        "alias": "q",
        "userDefined": false
      },
      {
        "text": " as ",
        "userDefined": false
      },
      {
        "text": "well",
        "userDefined": false
      }
    ],
    "isTemplate": false,
    "count": 0,
    "lang": "en",
    "updated": 0
  },
  {
    "id": "c043c955-0a42-4c00-8bd2-e806ee500ac2",
    "data": [
      {
        "text": "now",
        "userDefined": false
      },
      {
        "text": " ",
        "userDefined": false
      },
      {
        "text": "kittens",
        "meta": "@sys.any",
        "alias": "q",
        "userDefined": true
      }
    ],
    "isTemplate": false,
    "count": 0,
    "lang": "en",
    "updated": 0
  },
  {
    "id": "b879c95d-266d-4db0-919d-d0a54bdaf94b",
    "data": [
      {
        "text": "how about ",
        "userDefined": false
      },
      {
        "text": "apple pie recipes",
        "meta": "@sys.any",
        "alias": "q",
        "userDefined": true
      }
    ],
    "isTemplate": false,
    "count": 0,
    "lang": "en",
    "updated": 0
  },
  {
    "id": "9bf848ad-2d20-4467-9bc1-fe9cb26b41e7",
    "data": [
      {
        "text": "what about ",
        "userDefined": false
      },
      {
        "text": "puppies",
        "meta": "@sys.any",
        "alias": "q",
        "userDefined": false
      },
      {
        "text": " ",
        "userDefined": false
      },
      {
        "text": "now",
        "userDefined": false
      }
    ],
    "isTemplate": false,
    "count": 0,
    "lang": "en",
    "updated": 0
  },
  {
    "id": "41c5ae94-4c98-4488-ad81-d7e2145e2a5a",
    "data": [
      {
        "text": "now for ",
        "userDefined": false
      },
      {
        "text": "tables",
        "meta": "@sys.any",
        "alias": "q",
        "userDefined": true
      }
    ],
    "isTemplate": false,
    "count": 0,
    "lang": "en",
    "updated": 0
  }
]