[
  {
    "value": "Tech Tips",
    "synonyms": [
      "Tech Tips",
      "Tech Fun"
    ]
  },
  {
    "value": "Tech Videos",
    "synonyms": [
      "Tech Videos",
      "Tech Hack"
    ]
  },
  {
    "value": "YouTube Tech",
    "synonyms": [
      "YouTube Tech",
      "Hacking Tech"
    ]
  },
  {
    "value": "Tech From YouTube",
    "synonyms": [
      "Tech From YouTube",
      "CPU"
    ]
  },
  {
    "value": "Tips For Tech",
    "synonyms": [
      "Tips For Tech",
      "Computers"
    ]
  }
]