[
  {
    "value": "Friedhof Ohlsdorf",
    "synonyms": [
      "Friedhof Ohlsdorf"
    ]
  },
  {
    "value": "Friedhof abcdefghij",
    "synonyms": [
      "Friedhof abcdefghij"
    ]
  },
  {
    "value": "ohlsdorf",
    "synonyms": [
      "ohlsdorf"
    ]
  },
  {
    "value": "friedhof name",
    "synonyms": [
      "friedhof name"
    ]
  },
  {
    "value": "Friedhof der Etwas",
    "synonyms": [
      "Friedhof der Etwas"
    ]
  },
  {
    "value": "friedhof der Namenslosen",
    "synonyms": [
      "friedhof der Namenslosen"
    ]
  }
]