[
  {
    "value": "Services help",
    "synonyms": [
      "Services help"
    ]
  },
  {
    "value": "Games Selling Now",
    "synonyms": [
      "Games Selling Now"
    ]
  },
  {
    "value": "Games Now",
    "synonyms": [
      "Games Now"
    ]
  },
  {
    "value": "Tech Support",
    "synonyms": [
      "Tech Support"
    ]
  },
  {
    "value": "Help",
    "synonyms": [
      "Help"
    ]
  },
  {
    "value": "Talk Human",
    "synonyms": [
      "Talk Human"
    ]
  },
  {
    "value": "Robot",
    "synonyms": [
      "Robot"
    ]
  }
]