[
  {
    "id": "edc2179c-62b9-43d0-a217-ffdca2ef61f4",
    "data": [
      {
        "text": "can you check ",
        "userDefined": false
      },
      {
        "text": "Glasgow",
        "meta": "@sys.location",
        "alias": "location",
        "userDefined": true
      },
      {
        "text": " too",
        "userDefined": false
      }
    ],
    "isTemplate": false,
    "count": 0,
    "lang": "en",
    "updated": 0
  },
  {
    "id": "513570aa-ebe0-4ffb-821d-72f48063d2c7",
    "data": [
      {
        "text": "in ",
        "userDefined": false
      },
      {
        "text": "Moscow",
        "meta": "@sys.location",
        "alias": "location",
        "userDefined": true
      },
      {
        "text": " too",
        "userDefined": false
      }
    ],
    "isTemplate": false,
    "count": 0,
    "lang": "en",
    "updated": 0
  },
  {
    "id": "d07772fe-4e57-40a7-b683-bdc9895237b7",
    "data": [
      {
        "text": "Tokyo",
        "meta": "@sys.location",
        "alias": "location",
        "userDefined": true
      }
    ],
    "isTemplate": false,
    "count": 0,
    "lang": "en",
    "updated": 0
  },
  {
    "id": "e3e58f2c-58a9-4bcf-9c47-cb1317fb7ca1",
    "data": [
      {
        "text": "can you check it for ",
        "userDefined": false
      },
      {
        "text": "Toronto",
        "meta": "@sys.location",
        "alias": "location",
        "userDefined": true
      }
    ],
    "isTemplate": false,
    "count": 0,
    "lang": "en",
    "updated": 0
  },
  {
    "id": "a07eeda7-6dbd-4894-8793-7459aa66fa5c",
    "data": [
      {
        "text": "could you check ",
        "userDefined": false
      },
      {
        "text": "Paris",
        "meta": "@sys.location",
        "alias": "location",
        "userDefined": true
      },
      {
        "text": " now",
        "userDefined": false
      }
    ],
    "isTemplate": false,
    "count": 0,
    "lang": "en",
    "updated": 0
  },
  {
    "id": "ef6831c6-f7fa-4736-9d00-28122454aca4",
    "data": [
      {
        "text": "now ",
        "userDefined": false
      },
      {
        "text": "New York",
        "meta": "@sys.location",
        "alias": "location",
        "userDefined": true
      }
    ],
    "isTemplate": false,
    "count": 0,
    "lang": "en",
    "updated": 0
  },
  {
    "id": "908d2076-00b1-40e8-9855-5a96ea53ea95",
    "data": [
      {
        "text": "what about ",
        "userDefined": false
      },
      {
        "text": "Munich",
        "meta": "@sys.location",
        "alias": "location",
        "userDefined": true
      }
    ],
    "isTemplate": false,
    "count": 0,
    "lang": "en",
    "updated": 0
  },
  {
    "id": "f459b986-8989-454b-a760-feeabdd4dcb8",
    "data": [
      {
        "text": "in ",
        "userDefined": false
      },
      {
        "text": "Vienna",
        "meta": "@sys.location",
        "alias": "location",
        "userDefined": true
      },
      {
        "text": " now",
        "userDefined": false
      }
    ],
    "isTemplate": false,
    "count": 0,
    "lang": "en",
    "updated": 0
  },
  {
    "id": "3d732558-f738-4b31-a383-7468c9dd4052",
    "data": [
      {
        "text": "and in ",
        "userDefined": false
      },
      {
        "text": "London",
        "meta": "@sys.location",
        "alias": "location",
        "userDefined": true
      }
    ],
    "isTemplate": false,
    "count": 0,
    "lang": "en",
    "updated": 0
  },
  {
    "id": "97c8d229-4af5-41c9-83d2-a4704c5ecaf9",
    "data": [
      {
        "text": "how about ",
        "userDefined": false
      },
      {
        "text": "Hong Kong",
        "meta": "@sys.location",
        "alias": "location",
        "userDefined": true
      }
    ],
    "isTemplate": false,
    "count": 0,
    "lang": "en",
    "updated": 0
  },
  {
    "id": "67522f6c-f5f7-4fca-bcfe-4d9590461334",
    "data": [
      {
        "text": "check ",
        "userDefined": false
      },
      {
        "text": "Prague",
        "meta": "@sys.location",
        "alias": "location",
        "userDefined": true
      }
    ],
    "isTemplate": false,
    "count": 0,
    "lang": "en",
    "updated": 0
  },
  {
    "id": "c9486231-a69e-4214-a8e9-d53be856f9f9",
    "data": [
      {
        "text": "check ",
        "userDefined": false
      },
      {
        "text": "Madrid",
        "meta": "@sys.location",
        "alias": "location",
        "userDefined": true
      },
      {
        "text": " as well",
        "userDefined": false
      }
    ],
    "isTemplate": false,
    "count": 0,
    "lang": "en",
    "updated": 0
  }
]