[
  {
    "id": "96c1e6cd-b807-4d63-a988-58085ae9f035",
    "data": [
      {
        "text": "오랜만이야",
        "userDefined": false
      }
    ],
    "isTemplate": false,
    "count": 0,
    "lang": "ko",
    "updated": 0
  },
  {
    "id": "c83c863c-1140-43a0-8c01-35a408264212",
    "data": [
      {
        "text": "안녕",
        "userDefined": false
      }
    ],
    "isTemplate": false,
    "count": 0,
    "lang": "ko",
    "updated": 0
  },
  {
    "id": "345f197f-7966-4f52-985a-f35f5f99d518",
    "data": [
      {
        "text": "저기",
        "userDefined": false
      }
    ],
    "isTemplate": false,
    "count": 0,
    "lang": "ko",
    "updated": 0
  },
  {
    "id": "85cf9a82-cc72-4eda-a86f-20e437653842",
    "data": [
      {
        "text": "잘 있었어",
        "userDefined": false
      }
    ],
    "isTemplate": false,
    "count": 0,
    "lang": "ko",
    "updated": 0
  },
  {
    "id": "6acc3ead-2bae-4ab0-a8d4-97e49472aa19",
    "data": [
      {
        "text": "반가워",
        "userDefined": false
      }
    ],
    "isTemplate": false,
    "count": 0,
    "lang": "ko",
    "updated": 0
  },
  {
    "id": "52c4483a-b8f2-4b2a-9a39-b78ef9629918",
    "data": [
      {
        "text": "오랜만",
        "userDefined": false
      }
    ],
    "isTemplate": false,
    "count": 0,
    "lang": "ko",
    "updated": 0
  },
  {
    "id": "b47316d9-5cd7-476d-b414-bba35dded4b3",
    "data": [
      {
        "text": "어떻게 지냈어",
        "userDefined": false
      }
    ],
    "isTemplate": false,
    "count": 0,
    "lang": "ko",
    "updated": 0
  },
  {
    "id": "0083b2eb-0654-4391-a446-47d521546ec7",
    "data": [
      {
        "text": "잘 지냈니",
        "userDefined": false
      }
    ],
    "isTemplate": false,
    "count": 0,
    "lang": "ko",
    "updated": 0
  },
  {
    "id": "95b3a40e-682a-479b-bc44-94adddc478f8",
    "data": [
      {
        "text": "오늘 어때",
        "userDefined": false
      }
    ],
    "isTemplate": false,
    "count": 0,
    "lang": "ko",
    "updated": 0
  }
]