[
  {
    "id": "9904fb0b-c485-4c96-9598-fae23e390177",
    "data": [
      {
        "text": "Mit welcher ",
        "userDefined": false
      },
      {
        "text": "Summe",
        "userDefined": false
      },
      {
        "text": " kann man bei ",
        "userDefined": false
      },
      {
        "text": "einer",
        "userDefined": false
      },
      {
        "text": " Erdbestattung rechnen?",
        "userDefined": false
      }
    ],
    "isTemplate": false,
    "count": 0,
    "lang": "de",
    "updated": 0
  },
  {
    "id": "97c41fce-fca5-44fb-aac6-a0f6e607330b",
    "data": [
      {
        "text": "Mit welcher ",
        "userDefined": false
      },
      {
        "text": "Summe",
        "userDefined": false
      },
      {
        "text": " muss man bei ",
        "userDefined": false
      },
      {
        "text": "einer",
        "userDefined": false
      },
      {
        "text": " Erdbestattung rechnen?",
        "userDefined": false
      }
    ],
    "isTemplate": false,
    "count": 0,
    "lang": "de",
    "updated": 0
  },
  {
    "id": "f59048d5-0b15-4bfb-80b5-82182c1e08d0",
    "data": [
      {
        "text": "Wie teuer ist ",
        "userDefined": false
      },
      {
        "text": "eine",
        "userDefined": false
      },
      {
        "text": " Erdbestattung?",
        "userDefined": false
      }
    ],
    "isTemplate": false,
    "count": 0,
    "lang": "de",
    "updated": 0
  },
  {
    "id": "59f3a737-1489-4a2f-afeb-9c027f834bfa",
    "data": [
      {
        "text": "Was ist der ",
        "userDefined": false
      },
      {
        "text": "Preis",
        "userDefined": false
      },
      {
        "text": " ",
        "userDefined": false
      },
      {
        "text": "einer",
        "userDefined": false
      },
      {
        "text": " Erdbestattung?",
        "userDefined": false
      }
    ],
    "isTemplate": false,
    "count": 0,
    "lang": "de",
    "updated": 0
  },
  {
    "id": "3eaaa048-17ad-4eea-9b3a-32f621cd15f3",
    "data": [
      {
        "text": "Wie viel kostet ",
        "userDefined": false
      },
      {
        "text": "eine",
        "userDefined": false
      },
      {
        "text": " Erdbestattung?",
        "userDefined": false
      }
    ],
    "isTemplate": false,
    "count": 0,
    "lang": "de",
    "updated": 0
  },
  {
    "id": "eda842d7-b987-481b-a0c6-39882ac6f933",
    "data": [
      {
        "text": "Was kostet ",
        "userDefined": false
      },
      {
        "text": "eine",
        "userDefined": false
      },
      {
        "text": " Erdbestattung?",
        "userDefined": false
      }
    ],
    "isTemplate": false,
    "count": 0,
    "lang": "de",
    "updated": 0
  },
  {
    "id": "52dc177d-bc09-41e0-9251-c35426ba41c8",
    "data": [
      {
        "text": "Was sind die ",
        "userDefined": false
      },
      {
        "text": "Kosten",
        "userDefined": false
      },
      {
        "text": " ",
        "userDefined": false
      },
      {
        "text": "einer",
        "userDefined": false
      },
      {
        "text": " Erdbestattung?",
        "userDefined": false
      }
    ],
    "isTemplate": false,
    "count": 0,
    "lang": "de",
    "updated": 0
  }
]