[
  {
    "id": "7aa60de7-3674-42d0-9e21-1998e8817b88",
    "data": [
      {
        "text": "Is there a Recipe for ",
        "userDefined": false
      },
      {
        "text": "Puerto Rican Rice",
        "meta": "@Recipes",
        "alias": "recipes",
        "userDefined": false
      },
      {
        "text": ".",
        "userDefined": false
      }
    ],
    "isTemplate": false,
    "count": 0,
    "lang": "en",
    "updated": 0
  },
  {
    "id": "84de00c3-2402-42cf-99de-3f039ad4e39b",
    "data": [
      {
        "text": "Hey ",
        "userDefined": false
      },
      {
        "text": "Bianca",
        "meta": "@duckduckgo",
        "alias": "duckduckgo",
        "userDefined": false
      },
      {
        "text": " is there ",
        "userDefined": false
      },
      {
        "text": "Puerto Rican Type Food",
        "meta": "@Recipes",
        "alias": "recipes",
        "userDefined": false
      },
      {
        "text": ".",
        "userDefined": false
      }
    ],
    "isTemplate": false,
    "count": 0,
    "lang": "en",
    "updated": 0
  },
  {
    "id": "cc6e1dc7-d277-4afa-a7ce-df4bf05b076d",
    "data": [
      {
        "text": "Any recipe for ",
        "userDefined": false
      },
      {
        "text": "Pork Chop \u0026 Yellow Rice",
        "meta": "@Recipes",
        "alias": "recipes",
        "userDefined": false
      },
      {
        "text": ".",
        "userDefined": false
      }
    ],
    "isTemplate": false,
    "count": 0,
    "lang": "en",
    "updated": 0
  },
  {
    "id": "1fd9d9fd-b2cd-4c5f-ba2a-551452104ff2",
    "data": [
      {
        "text": "Hey ",
        "userDefined": false
      },
      {
        "text": "Bianca",
        "meta": "@duckduckgo",
        "alias": "duckduckgo",
        "userDefined": false
      },
      {
        "text": " any recipe for ",
        "userDefined": false
      },
      {
        "text": "Yellow Rice \u0026 Beans",
        "meta": "@Recipes",
        "alias": "recipes",
        "userDefined": false
      },
      {
        "text": ".",
        "userDefined": false
      }
    ],
    "isTemplate": false,
    "count": 0,
    "lang": "en",
    "updated": 0
  }
]