[
  {
    "id": "21ba601f-bacc-4216-80c5-cd16fabdc2ed",
    "data": [
      {
        "text": "Search for ",
        "userDefined": false
      },
      {
        "text": "tech tips",
        "meta": "@Search_Tech_Videos",
        "alias": "search_tech_videos",
        "userDefined": false
      },
      {
        "text": " videos on ",
        "userDefined": false
      },
      {
        "text": "YouTube",
        "meta": "@duckduckgo",
        "alias": "duckduckgo",
        "userDefined": false
      },
      {
        "text": ".",
        "userDefined": false
      }
    ],
    "isTemplate": false,
    "count": 0,
    "lang": "en",
    "updated": 0
  },
  {
    "id": "f10d6201-069d-449f-b6bf-09945d4567b1",
    "data": [
      {
        "text": "Search for ",
        "userDefined": false
      },
      {
        "text": "tech videos",
        "meta": "@Search_Tech_Videos",
        "alias": "search_tech_videos",
        "userDefined": false
      },
      {
        "text": ".",
        "userDefined": false
      }
    ],
    "isTemplate": false,
    "count": 0,
    "lang": "en",
    "updated": 0
  },
  {
    "id": "3e3a83ae-6186-4b5b-b37c-07c073d8dc8b",
    "data": [
      {
        "text": "Hey ",
        "userDefined": false
      },
      {
        "text": "Bianca",
        "meta": "@duckduckgo",
        "alias": "duckduckgo",
        "userDefined": false
      },
      {
        "text": " give me some ",
        "userDefined": false
      },
      {
        "text": "YouTube tech",
        "meta": "@Search_Tech_Videos",
        "alias": "search_tech_videos",
        "userDefined": false
      },
      {
        "text": " videos.",
        "userDefined": false
      }
    ],
    "isTemplate": false,
    "count": 0,
    "lang": "en",
    "updated": 0
  },
  {
    "id": "b83222e1-e55f-4416-abc4-a58ad949d2d0",
    "data": [
      {
        "text": "Is there any ",
        "userDefined": false
      },
      {
        "text": "tech from YouTube",
        "meta": "@Search_Tech_Videos",
        "alias": "search_tech_videos",
        "userDefined": false
      },
      {
        "text": ".",
        "userDefined": false
      }
    ],
    "isTemplate": false,
    "count": 0,
    "lang": "en",
    "updated": 0
  },
  {
    "id": "9dc64f87-9e91-4e23-bae9-5e2d63005b45",
    "data": [
      {
        "text": "Is there any ",
        "userDefined": false
      },
      {
        "text": "tips for tech",
        "meta": "@Search_Tech_Videos",
        "alias": "search_tech_videos",
        "userDefined": false
      },
      {
        "text": ".",
        "userDefined": false
      }
    ],
    "isTemplate": false,
    "count": 0,
    "lang": "en",
    "updated": 0
  },
  {
    "id": "bf1586cd-9634-4f36-b066-123a73ba6072",
    "data": [
      {
        "text": "Hey ",
        "userDefined": false
      },
      {
        "text": "Bianca",
        "meta": "@duckduckgo",
        "alias": "duckduckgo",
        "userDefined": false
      },
      {
        "text": " any ",
        "userDefined": false
      },
      {
        "text": "tech tips",
        "meta": "@Search_Tech_Videos",
        "alias": "search_tech_videos",
        "userDefined": false
      },
      {
        "text": ".",
        "userDefined": false
      }
    ],
    "isTemplate": false,
    "count": 0,
    "lang": "en",
    "updated": 0
  }
]