[
  {
    "id": "d756e399-4431-4377-9015-2408703981b2",
    "data": [
      {
        "text": "When you ",
        "userDefined": false
      },
      {
        "text": "open",
        "meta": "@open",
        "alias": "open",
        "userDefined": false
      },
      {
        "text": "?",
        "userDefined": false
      }
    ],
    "isTemplate": false,
    "count": 0,
    "lang": "en",
    "updated": 0
  },
  {
    "id": "091d85d0-7213-4348-a733-efd67673ae03",
    "data": [
      {
        "text": "Are you ",
        "userDefined": false
      },
      {
        "text": "open",
        "meta": "@open",
        "alias": "open",
        "userDefined": false
      },
      {
        "text": " 24 ",
        "userDefined": false
      },
      {
        "text": "hours",
        "meta": "@unit-time",
        "alias": "unit-time",
        "userDefined": false
      },
      {
        "text": " a ",
        "userDefined": false
      },
      {
        "text": "day",
        "meta": "@unit-time",
        "alias": "unit-time1",
        "userDefined": false
      }
    ],
    "isTemplate": false,
    "count": 0,
    "lang": "en",
    "updated": 0
  },
  {
    "id": "26a1e4d8-3ea3-4332-ab5e-d0a7627a3e66",
    "data": [
      {
        "text": "Tell me your ",
        "userDefined": false
      },
      {
        "text": "open",
        "meta": "@open",
        "alias": "open",
        "userDefined": false
      },
      {
        "text": "?",
        "userDefined": false
      }
    ],
    "isTemplate": false,
    "count": 0,
    "lang": "en",
    "updated": 0
  },
  {
    "id": "0b6896cd-0132-48ff-b99d-11bd1c6f7fd7",
    "data": [
      {
        "text": "Is ",
        "userDefined": false
      },
      {
        "text": "Mattolina",
        "meta": "@Search_Mattolina",
        "alias": "search_mattolina",
        "userDefined": false
      },
      {
        "text": " LLC ",
        "userDefined": false
      },
      {
        "text": "open",
        "meta": "@open",
        "alias": "open",
        "userDefined": false
      },
      {
        "text": " ",
        "userDefined": false
      },
      {
        "text": "today",
        "meta": "@sys.date-time",
        "alias": "date-time",
        "userDefined": false
      },
      {
        "text": "?",
        "userDefined": false
      }
    ],
    "isTemplate": false,
    "count": 0,
    "lang": "en",
    "updated": 0
  },
  {
    "id": "2f579493-ad4e-4864-ba4a-b6ac92918218",
    "data": [
      {
        "text": "What is ",
        "userDefined": false
      },
      {
        "text": "Mattolina",
        "meta": "@Search_Mattolina",
        "alias": "search_mattolina",
        "userDefined": false
      },
      {
        "text": " LLC ",
        "userDefined": false
      },
      {
        "text": "business hours",
        "meta": "@open",
        "alias": "open",
        "userDefined": false
      },
      {
        "text": "?",
        "userDefined": false
      }
    ],
    "isTemplate": false,
    "count": 0,
    "lang": "en",
    "updated": 0
  },
  {
    "id": "0caf81ab-e289-46e9-9c9b-83c8ad637f99",
    "data": [
      {
        "text": "Are you ",
        "userDefined": false
      },
      {
        "text": "open",
        "meta": "@open",
        "alias": "open",
        "userDefined": false
      },
      {
        "text": " ",
        "userDefined": false
      },
      {
        "text": "today",
        "meta": "@sys.date-time",
        "alias": "date-time",
        "userDefined": false
      },
      {
        "text": "?",
        "userDefined": false
      }
    ],
    "isTemplate": false,
    "count": 0,
    "lang": "en",
    "updated": 0
  }
]