[
  {
    "id": "7ed68478-faf6-4618-b73d-b74e4c6ebdc6",
    "data": [
      {
        "text": "I",
        "userDefined": false
      },
      {
        "text": " want ",
        "userDefined": false
      },
      {
        "text": "to",
        "userDefined": false
      },
      {
        "text": " set the ",
        "userDefined": false
      },
      {
        "text": "date",
        "userDefined": false
      }
    ],
    "isTemplate": false,
    "count": 0,
    "lang": "en",
    "updated": 0
  },
  {
    "id": "1f15bfff-a7c9-45ca-9081-baeeae7f1e17",
    "data": [
      {
        "text": "today is ",
        "userDefined": false
      },
      {
        "text": "October 20",
        "meta": "@sys.date",
        "alias": "date",
        "userDefined": true
      },
      {
        "text": " ",
        "userDefined": false
      },
      {
        "text": "Wednesday",
        "meta": "@dayofweek",
        "alias": "dayofweek",
        "userDefined": true
      }
    ],
    "isTemplate": false,
    "count": 0,
    "lang": "en",
    "updated": 0
  },
  {
    "id": "b476c90f-108a-4654-9da6-a75993c2ef2b",
    "data": [
      {
        "text": "I",
        "userDefined": false
      },
      {
        "text": "\u0027",
        "userDefined": false
      },
      {
        "text": "d",
        "userDefined": false
      },
      {
        "text": " ",
        "userDefined": false
      },
      {
        "text": "like",
        "userDefined": false
      },
      {
        "text": " ",
        "userDefined": false
      },
      {
        "text": "to",
        "userDefined": false
      },
      {
        "text": " ",
        "userDefined": false
      },
      {
        "text": "edit",
        "userDefined": false
      },
      {
        "text": " the ",
        "userDefined": false
      },
      {
        "text": "date",
        "userDefined": false
      }
    ],
    "isTemplate": false,
    "count": 0,
    "lang": "en",
    "updated": 0
  },
  {
    "id": "55b3b223-b033-4b90-a669-39e115db92ff",
    "data": [
      {
        "text": "it",
        "userDefined": false
      },
      {
        "text": "\u0027s ",
        "userDefined": false
      },
      {
        "text": "Friday",
        "meta": "@dayofweek",
        "alias": "dayofweek",
        "userDefined": false
      }
    ],
    "isTemplate": false,
    "count": 0,
    "lang": "en",
    "updated": 0
  },
  {
    "id": "10be5f64-c4e0-4103-a213-99df4142ae91",
    "data": [
      {
        "text": "change today\u0027s date to ",
        "userDefined": false
      },
      {
        "text": "31 December",
        "meta": "@sys.date",
        "alias": "date",
        "userDefined": true
      }
    ],
    "isTemplate": false,
    "count": 0,
    "lang": "en",
    "updated": 0
  },
  {
    "id": "09cd77c0-ab64-4ad9-b6d7-e9fb962ddd9e",
    "data": [
      {
        "text": "set date",
        "userDefined": false
      }
    ],
    "isTemplate": false,
    "count": 0,
    "lang": "en",
    "updated": 0
  },
  {
    "id": "da0ba684-6811-4744-9924-7bf2d1692399",
    "data": [
      {
        "text": "could you set today\u0027s date to ",
        "userDefined": false
      },
      {
        "text": "January 7th",
        "meta": "@sys.date",
        "alias": "date",
        "userDefined": true
      }
    ],
    "isTemplate": false,
    "count": 0,
    "lang": "en",
    "updated": 0
  },
  {
    "id": "e8f1b4a4-4f26-4661-a80a-f6ff01d32047",
    "data": [
      {
        "text": "today",
        "userDefined": false
      },
      {
        "text": " is ",
        "userDefined": false
      },
      {
        "text": "May 4th",
        "meta": "@sys.date",
        "alias": "date",
        "userDefined": false
      }
    ],
    "isTemplate": false,
    "count": 0,
    "lang": "en",
    "updated": 0
  },
  {
    "id": "c3936b25-33f1-45fb-9e7c-2fcc40661d9a",
    "data": [
      {
        "text": "set the date ",
        "userDefined": false
      },
      {
        "text": "June 5th",
        "meta": "@sys.date",
        "alias": "date",
        "userDefined": true
      }
    ],
    "isTemplate": false,
    "count": 0,
    "lang": "en",
    "updated": 0
  },
  {
    "id": "dc298c4b-403d-41c6-af1f-fdbfcbb4ecce",
    "data": [
      {
        "text": "can",
        "userDefined": false
      },
      {
        "text": " ",
        "userDefined": false
      },
      {
        "text": "I",
        "userDefined": false
      },
      {
        "text": " set another date",
        "userDefined": false
      }
    ],
    "isTemplate": false,
    "count": 0,
    "lang": "en",
    "updated": 0
  },
  {
    "id": "dac1c6bb-7363-4b42-936b-4c4b0a4a3ada",
    "data": [
      {
        "text": "can",
        "userDefined": false
      },
      {
        "text": " ",
        "userDefined": false
      },
      {
        "text": "I",
        "userDefined": false
      },
      {
        "text": " change ",
        "userDefined": false
      },
      {
        "text": "the date",
        "userDefined": false
      }
    ],
    "isTemplate": false,
    "count": 0,
    "lang": "en",
    "updated": 0
  }
]