[
  {
    "id": "9696618c-9003-464c-8e1d-85596aab0aa5",
    "data": [
      {
        "text": "hé",
        "userDefined": false
      }
    ],
    "isTemplate": false,
    "count": 0,
    "lang": "nl",
    "updated": 0
  },
  {
    "id": "979538f0-8b82-4b09-91e0-4739e2c4d6d8",
    "data": [
      {
        "text": "hoi",
        "userDefined": false
      }
    ],
    "isTemplate": false,
    "count": 0,
    "lang": "nl",
    "updated": 0
  },
  {
    "id": "bb714dd7-9190-447e-9bf1-f6ac352108c6",
    "data": [
      {
        "text": "hé hoi",
        "userDefined": false
      }
    ],
    "isTemplate": false,
    "count": 0,
    "lang": "nl",
    "updated": 0
  },
  {
    "id": "9bbef5f9-25e7-4a04-a52f-f756b78f35ca",
    "data": [
      {
        "text": "hé hallo",
        "userDefined": false
      }
    ],
    "isTemplate": false,
    "count": 0,
    "lang": "nl",
    "updated": 0
  },
  {
    "id": "39bac40d-78da-4980-9483-2f80f5ba3e71",
    "data": [
      {
        "text": "gegroet",
        "userDefined": false
      }
    ],
    "isTemplate": false,
    "count": 0,
    "lang": "nl",
    "updated": 0
  },
  {
    "id": "63783eef-7691-4a99-9759-9bee83df57a5",
    "data": [
      {
        "text": "ik begroet je",
        "userDefined": false
      }
    ],
    "isTemplate": false,
    "count": 0,
    "lang": "nl",
    "updated": 0
  },
  {
    "id": "3170f799-bb6a-46e8-a52d-fb0d30602af8",
    "data": [
      {
        "text": "lang niet gezien",
        "userDefined": false
      }
    ],
    "isTemplate": false,
    "count": 0,
    "lang": "nl",
    "updated": 0
  },
  {
    "id": "15c969e1-b4e7-4b84-8ed8-a4d03b39d7b2",
    "data": [
      {
        "text": "goeiedag",
        "userDefined": false
      }
    ],
    "isTemplate": false,
    "count": 0,
    "lang": "nl",
    "updated": 0
  },
  {
    "id": "a25cce79-4e7b-47b0-a3f8-3b97a499f7a2",
    "data": [
      {
        "text": "goedendag",
        "userDefined": false
      }
    ],
    "isTemplate": false,
    "count": 0,
    "lang": "nl",
    "updated": 0
  },
  {
    "id": "54e0f2ca-68ab-4044-946d-e7342956886e",
    "data": [
      {
        "text": "hallo",
        "userDefined": false
      }
    ],
    "isTemplate": false,
    "count": 0,
    "lang": "nl",
    "updated": 0
  }
]