[
  {
    "id": "7a03111d-b365-4400-b6b1-590d70489790",
    "data": [
      {
        "text": "give me another one",
        "userDefined": false
      }
    ],
    "isTemplate": false,
    "count": 0,
    "lang": "en",
    "updated": 0
  },
  {
    "id": "01302c2e-68aa-48be-b4ea-bbbe3b56a9b6",
    "data": [
      {
        "text": "more hilarious stories",
        "userDefined": false
      }
    ],
    "isTemplate": false,
    "count": 0,
    "lang": "en",
    "updated": 0
  },
  {
    "id": "197411bc-c148-4700-bf7c-d5befbc7d528",
    "data": [
      {
        "text": "more funny jokes",
        "userDefined": false
      }
    ],
    "isTemplate": false,
    "count": 0,
    "lang": "en",
    "updated": 0
  },
  {
    "id": "fe8ecfe3-c76f-40a1-9bfa-85a6c6313172",
    "data": [
      {
        "text": "give me another funny one",
        "userDefined": false
      }
    ],
    "isTemplate": false,
    "count": 0,
    "lang": "en",
    "updated": 0
  },
  {
    "id": "0f9c910a-9929-404d-897d-c7c00466fc02",
    "data": [
      {
        "text": "give me more jokes",
        "userDefined": false
      }
    ],
    "isTemplate": false,
    "count": 0,
    "lang": "en",
    "updated": 0
  },
  {
    "id": "dc30aa3c-4e6f-4628-94c5-a946d28866c9",
    "data": [
      {
        "text": "Another one",
        "userDefined": false
      }
    ],
    "isTemplate": false,
    "count": 0,
    "lang": "en",
    "updated": 0
  },
  {
    "id": "75ae94a7-a3b4-4d59-a0a8-6c6acc662ad0",
    "data": [
      {
        "text": "more",
        "userDefined": false
      }
    ],
    "isTemplate": false,
    "count": 0,
    "lang": "en",
    "updated": 0
  },
  {
    "id": "513d2ee1-2672-4f41-a8d0-802e32146d99",
    "data": [
      {
        "text": "more results",
        "userDefined": false
      }
    ],
    "isTemplate": false,
    "count": 0,
    "lang": "en",
    "updated": 0
  },
  {
    "id": "2e6d74db-91f2-4e5a-b15f-138a52e5b22d",
    "data": [
      {
        "text": "anything else",
        "userDefined": false
      }
    ],
    "isTemplate": false,
    "count": 0,
    "lang": "en",
    "updated": 0
  },
  {
    "id": "bff11217-2c08-4b67-81b9-2793201fed41",
    "data": [
      {
        "text": "other results",
        "userDefined": false
      }
    ],
    "isTemplate": false,
    "count": 0,
    "lang": "en",
    "updated": 0
  },
  {
    "id": "d586743a-bb14-4d9d-9e51-287d2b94eaed",
    "data": [
      {
        "text": "what else",
        "userDefined": false
      }
    ],
    "isTemplate": false,
    "count": 0,
    "lang": "en",
    "updated": 0
  },
  {
    "id": "45464ef3-f542-4a7a-94e6-5f47ff3439ac",
    "data": [
      {
        "text": "are there more",
        "userDefined": false
      }
    ],
    "isTemplate": false,
    "count": 0,
    "lang": "en",
    "updated": 0
  },
  {
    "id": "33290a74-8c51-40e4-ac5c-8424f2ec7a35",
    "data": [
      {
        "text": "tell me more",
        "userDefined": false
      }
    ],
    "isTemplate": false,
    "count": 0,
    "lang": "en",
    "updated": 0
  },
  {
    "id": "f91869c4-0ce4-4ba0-9b25-8d949b9da1e1",
    "data": [
      {
        "text": "show me more",
        "userDefined": false
      }
    ],
    "isTemplate": false,
    "count": 0,
    "lang": "en",
    "updated": 0
  },
  {
    "id": "a3dffe19-e473-4c99-b2d3-510d20050322",
    "data": [
      {
        "text": "more information",
        "userDefined": false
      }
    ],
    "isTemplate": false,
    "count": 0,
    "lang": "en",
    "updated": 0
  }
]