[
  {
    "id": "fb9bba21-4eb1-41c2-a1b3-6da42fe1c2e6",
    "data": [
      {
        "text": "Was trägt zu den ",
        "userDefined": false
      },
      {
        "text": "Kosten",
        "userDefined": false
      },
      {
        "text": " ",
        "userDefined": false
      },
      {
        "text": "einer",
        "userDefined": false
      },
      {
        "text": " Erdbestattung bei?",
        "userDefined": false
      }
    ],
    "isTemplate": false,
    "count": 0,
    "lang": "de",
    "updated": 0
  },
  {
    "id": "7752b76f-694a-4169-89f7-d14beccd50a7",
    "data": [
      {
        "text": "Was ist bei ",
        "userDefined": false
      },
      {
        "text": "einer",
        "userDefined": false
      },
      {
        "text": " Erdbestattung dabei?",
        "userDefined": false
      }
    ],
    "isTemplate": false,
    "count": 0,
    "lang": "de",
    "updated": 0
  },
  {
    "id": "7ac98364-e861-454c-90d7-937e2820893b",
    "data": [
      {
        "text": "Welche Leistungen erhöhen den ",
        "userDefined": false
      },
      {
        "text": "Preis",
        "userDefined": false
      },
      {
        "text": " ",
        "userDefined": false
      },
      {
        "text": "einer",
        "userDefined": false
      },
      {
        "text": " Erdbestattungen?",
        "userDefined": false
      }
    ],
    "isTemplate": false,
    "count": 0,
    "lang": "de",
    "updated": 0
  },
  {
    "id": "6cec511d-ac1a-43b1-a26f-20baef8450ec",
    "data": [
      {
        "text": "Wo kann man bei ",
        "userDefined": false
      },
      {
        "text": "einer",
        "userDefined": false
      },
      {
        "text": " Erdbestattung sparen?",
        "userDefined": false
      }
    ],
    "isTemplate": false,
    "count": 0,
    "lang": "de",
    "updated": 0
  },
  {
    "id": "81d3f117-516f-4e48-99db-55315a07fb6a",
    "data": [
      {
        "text": "Welche Leistungen muss man bei ",
        "userDefined": false
      },
      {
        "text": "einer",
        "userDefined": false
      },
      {
        "text": " Erdbestattung beanspruchen?",
        "userDefined": false
      }
    ],
    "isTemplate": false,
    "count": 0,
    "lang": "de",
    "updated": 0
  },
  {
    "id": "b8856649-62b2-42d1-8611-fde9347ea383",
    "data": [
      {
        "text": "Was wird bei einer Erdbestattung bezahlt?",
        "userDefined": false
      }
    ],
    "isTemplate": false,
    "count": 0,
    "lang": "de",
    "updated": 0
  },
  {
    "id": "0a16d403-5575-45f8-8a92-eeb444177b2b",
    "data": [
      {
        "text": "Kostenfaktoren Erdbestattung",
        "userDefined": false
      }
    ],
    "isTemplate": false,
    "count": 0,
    "lang": "de",
    "updated": 0
  },
  {
    "id": "d25e62ee-5bad-4a60-973d-c79b4e8c9912",
    "data": [
      {
        "text": "Woraus setzen sich die ",
        "userDefined": false
      },
      {
        "text": "Kosten",
        "userDefined": false
      },
      {
        "text": " ",
        "userDefined": false
      },
      {
        "text": "einer",
        "userDefined": false
      },
      {
        "text": " Erdbestattung zusammen?",
        "userDefined": false
      }
    ],
    "isTemplate": false,
    "count": 0,
    "lang": "de",
    "updated": 0
  },
  {
    "id": "387c48fe-0105-4a17-b5c4-eae0d147d15b",
    "data": [
      {
        "text": "Was sind die Kostenfaktoren ",
        "userDefined": false
      },
      {
        "text": "einer",
        "userDefined": false
      },
      {
        "text": " Erdbestattung?",
        "userDefined": false
      }
    ],
    "isTemplate": false,
    "count": 0,
    "lang": "de",
    "updated": 0
  }
]