[
  {
    "id": "d059be20-ecd3-4a70-b07e-1e88827b2c9e",
    "data": [
      {
        "text": "let\u0027s talk in ",
        "userDefined": false
      },
      {
        "text": "Chinese",
        "meta": "@sys.language",
        "alias": "language",
        "userDefined": false
      }
    ],
    "isTemplate": false,
    "count": 0,
    "lang": "en",
    "updated": 0
  },
  {
    "id": "1456c4a3-6de0-4892-ba71-f645f6ae9844",
    "data": [
      {
        "text": "talk me in ",
        "userDefined": false
      },
      {
        "text": "Hindi",
        "meta": "@sys.language",
        "alias": "language",
        "userDefined": true
      }
    ],
    "isTemplate": false,
    "count": 0,
    "lang": "en",
    "updated": 0
  },
  {
    "id": "a6efe554-d3e7-4378-b840-2059e09942e1",
    "data": [
      {
        "text": "change language to ",
        "userDefined": false
      },
      {
        "text": "Korean",
        "meta": "@sys.language",
        "alias": "language",
        "userDefined": true
      }
    ],
    "isTemplate": false,
    "count": 0,
    "lang": "en",
    "updated": 0
  },
  {
    "id": "bc34dbcf-7330-4026-9266-fddf7f7f756b",
    "data": [
      {
        "text": "please speak ",
        "userDefined": false
      },
      {
        "text": "Cantonese",
        "meta": "@sys.language",
        "alias": "language",
        "userDefined": true
      }
    ],
    "isTemplate": false,
    "count": 0,
    "lang": "en",
    "updated": 0
  },
  {
    "id": "ab44fada-f8cb-4fea-8f47-d316dc0cd21c",
    "data": [
      {
        "text": "I would like you to be able to speak ",
        "userDefined": false
      },
      {
        "text": "Japanese",
        "meta": "@sys.language",
        "alias": "language",
        "userDefined": true
      }
    ],
    "isTemplate": false,
    "count": 0,
    "lang": "en",
    "updated": 0
  },
  {
    "id": "3e694187-a0f4-4c19-8500-dbd7e96a372b",
    "data": [
      {
        "text": "no speak ",
        "userDefined": false
      },
      {
        "text": "Hindi",
        "meta": "@sys.language",
        "alias": "language",
        "userDefined": true
      },
      {
        "text": " always",
        "userDefined": false
      }
    ],
    "isTemplate": false,
    "count": 0,
    "lang": "en",
    "updated": 0
  },
  {
    "id": "27649add-03f6-4224-b4bd-3b4ffbd89f0d",
    "data": [
      {
        "text": "switch to ",
        "userDefined": false
      },
      {
        "text": "Arabic",
        "meta": "@sys.language",
        "alias": "language",
        "userDefined": true
      }
    ],
    "isTemplate": false,
    "count": 0,
    "lang": "en",
    "updated": 0
  },
  {
    "id": "21e1c3ab-43ce-48e3-bd0d-bedfc7e31cbd",
    "data": [
      {
        "text": "Speak ",
        "userDefined": false
      },
      {
        "text": "German",
        "meta": "@sys.language",
        "alias": "language",
        "userDefined": true
      }
    ],
    "isTemplate": false,
    "count": 0,
    "lang": "en",
    "updated": 0
  },
  {
    "id": "ef9d83d3-9c6d-49bc-ab80-b11d7c502b07",
    "data": [
      {
        "text": "speak in ",
        "userDefined": false
      },
      {
        "text": "Spanish",
        "meta": "@sys.language",
        "alias": "language",
        "userDefined": true
      }
    ],
    "isTemplate": false,
    "count": 0,
    "lang": "en",
    "updated": 0
  },
  {
    "id": "387aa218-9d57-4787-8bcd-f01bbd9525b6",
    "data": [
      {
        "text": "please talk in ",
        "userDefined": false
      },
      {
        "text": "Cantonese",
        "meta": "@sys.language",
        "alias": "language",
        "userDefined": false
      }
    ],
    "isTemplate": false,
    "count": 0,
    "lang": "en",
    "updated": 0
  },
  {
    "id": "eb71cdf6-9c61-46bd-b7d1-61ce0be0a100",
    "data": [
      {
        "text": "switch language",
        "userDefined": false
      }
    ],
    "isTemplate": false,
    "count": 0,
    "lang": "en",
    "updated": 0
  },
  {
    "id": "2e0cd325-44dd-4954-a3f7-054dc66129cc",
    "data": [
      {
        "text": "can you change your language to ",
        "userDefined": false
      },
      {
        "text": "Hebrew",
        "meta": "@sys.language",
        "alias": "language",
        "userDefined": true
      }
    ],
    "isTemplate": false,
    "count": 0,
    "lang": "en",
    "updated": 0
  },
  {
    "id": "38e1ab20-4cef-49f5-947a-caf453a2c021",
    "data": [
      {
        "text": "change ",
        "userDefined": false
      },
      {
        "text": "your",
        "userDefined": true
      },
      {
        "text": " language",
        "userDefined": false
      }
    ],
    "isTemplate": false,
    "count": 0,
    "lang": "en",
    "updated": 0
  },
  {
    "id": "6b770136-400d-4cf0-9d81-4847e870705a",
    "data": [
      {
        "text": "how can I do so you talk ",
        "userDefined": false
      },
      {
        "text": "Spanish",
        "meta": "@sys.language",
        "alias": "language",
        "userDefined": true
      }
    ],
    "isTemplate": false,
    "count": 0,
    "lang": "en",
    "updated": 0
  },
  {
    "id": "64022cd0-8323-46f6-921f-0a4e7fd8259d",
    "data": [
      {
        "text": "speak ",
        "userDefined": false
      },
      {
        "text": "Cantonese",
        "meta": "@sys.language",
        "alias": "language",
        "userDefined": true
      }
    ],
    "isTemplate": false,
    "count": 0,
    "lang": "en",
    "updated": 0
  },
  {
    "id": "b22c249d-f0bc-48cf-8707-c0e14977392f",
    "data": [
      {
        "text": "can u learn me ",
        "userDefined": false
      },
      {
        "text": "Italian",
        "meta": "@sys.language",
        "alias": "language",
        "userDefined": true
      },
      {
        "text": " language",
        "userDefined": false
      }
    ],
    "isTemplate": false,
    "count": 0,
    "lang": "en",
    "updated": 0
  },
  {
    "id": "40bb0dcd-9674-482b-be61-947372668eba",
    "data": [
      {
        "text": "can you switch to ",
        "userDefined": false
      },
      {
        "text": "Spanish",
        "meta": "@sys.language",
        "alias": "language",
        "userDefined": false
      },
      {
        "text": " por favor",
        "userDefined": false
      }
    ],
    "isTemplate": false,
    "count": 0,
    "lang": "en",
    "updated": 0
  },
  {
    "id": "79189404-bffd-4bc6-9a51-987fc56b1f31",
    "data": [
      {
        "text": "please talk in ",
        "userDefined": false
      },
      {
        "text": "Russian",
        "meta": "@sys.language",
        "alias": "language",
        "userDefined": false
      }
    ],
    "isTemplate": false,
    "count": 0,
    "lang": "en",
    "updated": 0
  },
  {
    "id": "ccaf46ad-b92a-415e-aa97-0a4ae8e99c76",
    "data": [
      {
        "text": "can ",
        "userDefined": false
      },
      {
        "text": "we",
        "userDefined": true
      },
      {
        "text": " change the language",
        "userDefined": false
      }
    ],
    "isTemplate": false,
    "count": 0,
    "lang": "en",
    "updated": 0
  },
  {
    "id": "80047076-f801-47a3-b554-b47b622e4c84",
    "data": [
      {
        "text": "what can I do so you talk ",
        "userDefined": false
      },
      {
        "text": "Danish",
        "meta": "@sys.language",
        "alias": "language",
        "userDefined": true
      }
    ],
    "isTemplate": false,
    "count": 0,
    "lang": "en",
    "updated": 0
  },
  {
    "id": "b2b59e46-95d9-4b87-8a64-e83f5422d94f",
    "data": [
      {
        "text": "I want to back to ",
        "userDefined": false
      },
      {
        "text": "Portuguese",
        "meta": "@sys.language",
        "alias": "language",
        "userDefined": true
      }
    ],
    "isTemplate": false,
    "count": 0,
    "lang": "en",
    "updated": 0
  },
  {
    "id": "d3b8b59f-42e1-47d0-a84e-89a1e23f4107",
    "data": [
      {
        "text": "I",
        "userDefined": true
      },
      {
        "text": " want you ",
        "userDefined": false
      },
      {
        "text": "to",
        "userDefined": true
      },
      {
        "text": " speak ",
        "userDefined": false
      },
      {
        "text": "Malay",
        "meta": "@sys.language",
        "alias": "language",
        "userDefined": true
      }
    ],
    "isTemplate": false,
    "count": 0,
    "lang": "en",
    "updated": 0
  },
  {
    "id": "1ea645d1-64e6-4d08-8bd3-6476ce6ab2e2",
    "data": [
      {
        "text": "speak ",
        "userDefined": false
      },
      {
        "text": "European Portuguese",
        "meta": "@sys.language",
        "alias": "language",
        "userDefined": true
      }
    ],
    "isTemplate": false,
    "count": 0,
    "lang": "en",
    "updated": 0
  },
  {
    "id": "fb00dff7-e091-42a6-b48d-6492d3611dca",
    "data": [
      {
        "text": "could you speak in ",
        "userDefined": false
      },
      {
        "text": "French",
        "meta": "@sys.language",
        "alias": "language",
        "userDefined": true
      }
    ],
    "isTemplate": false,
    "count": 0,
    "lang": "en",
    "updated": 0
  },
  {
    "id": "caf7d7cf-d1b2-448f-8cbe-fe12e9fce6e7",
    "data": [
      {
        "text": "please speak ",
        "userDefined": false
      },
      {
        "text": "German",
        "meta": "@sys.language",
        "alias": "language",
        "userDefined": true
      }
    ],
    "isTemplate": false,
    "count": 0,
    "lang": "en",
    "updated": 0
  },
  {
    "id": "d15575f7-d4c1-4611-af4d-1533f293e2be",
    "data": [
      {
        "text": "speak ",
        "userDefined": false
      },
      {
        "text": "Neapolitan",
        "meta": "@sys.language",
        "alias": "language",
        "userDefined": true
      },
      {
        "text": " from now on",
        "userDefined": false
      }
    ],
    "isTemplate": false,
    "count": 0,
    "lang": "en",
    "updated": 0
  },
  {
    "id": "94774c64-39ca-461b-8bfa-d9031ff11231",
    "data": [
      {
        "text": "switch language to ",
        "userDefined": false
      },
      {
        "text": "Russian",
        "meta": "@sys.language",
        "alias": "language",
        "userDefined": true
      }
    ],
    "isTemplate": false,
    "count": 0,
    "lang": "en",
    "updated": 0
  },
  {
    "id": "3534c0c0-ad23-4b23-9b69-f849a94bfe12",
    "data": [
      {
        "text": "speak ",
        "userDefined": false
      },
      {
        "text": "Turkish",
        "meta": "@sys.language",
        "alias": "language",
        "userDefined": true
      }
    ],
    "isTemplate": false,
    "count": 0,
    "lang": "en",
    "updated": 0
  },
  {
    "id": "18db21db-14fd-420b-b126-ee466fe7c351",
    "data": [
      {
        "text": "please speak ",
        "userDefined": false
      },
      {
        "text": "English like an Australian",
        "meta": "@sys.language",
        "alias": "language",
        "userDefined": true
      }
    ],
    "isTemplate": false,
    "count": 0,
    "lang": "en",
    "updated": 0
  },
  {
    "id": "6d52e7ba-71ed-4635-8a8c-5a55af3815ea",
    "data": [
      {
        "text": "first",
        "userDefined": true
      },
      {
        "text": " you should speak ",
        "userDefined": false
      },
      {
        "text": "Hindi",
        "meta": "@sys.language",
        "alias": "language",
        "userDefined": true
      },
      {
        "text": " also",
        "userDefined": false
      }
    ],
    "isTemplate": false,
    "count": 0,
    "lang": "en",
    "updated": 0
  },
  {
    "id": "efcce7bb-3517-47db-bbb7-c1618755b757",
    "data": [
      {
        "text": "you should know ",
        "userDefined": false
      },
      {
        "text": "Swedish",
        "meta": "@sys.language",
        "alias": "language",
        "userDefined": true
      }
    ],
    "isTemplate": false,
    "count": 0,
    "lang": "en",
    "updated": 0
  },
  {
    "id": "4bf37705-1043-4296-8232-6f32818bc103",
    "data": [
      {
        "text": "change ",
        "userDefined": false
      },
      {
        "text": "your",
        "userDefined": true
      },
      {
        "text": " dialect",
        "userDefined": false
      }
    ],
    "isTemplate": false,
    "count": 0,
    "lang": "en",
    "updated": 0
  },
  {
    "id": "17b310c2-1bdc-48d6-9029-d4538b9f6f50",
    "data": [
      {
        "text": "talk ",
        "userDefined": false
      },
      {
        "text": "Swedish",
        "meta": "@sys.language",
        "alias": "language",
        "userDefined": true
      }
    ],
    "isTemplate": false,
    "count": 0,
    "lang": "en",
    "updated": 0
  },
  {
    "id": "3c564e71-b12e-437d-ba75-74b94b25f287",
    "data": [
      {
        "text": "speak ",
        "userDefined": false
      },
      {
        "text": "Russian",
        "meta": "@sys.language",
        "alias": "language",
        "userDefined": true
      },
      {
        "text": " from now ",
        "userDefined": false
      },
      {
        "text": "on",
        "userDefined": true
      }
    ],
    "isTemplate": false,
    "count": 0,
    "lang": "en",
    "updated": 0
  },
  {
    "id": "7b3168b6-e040-4134-8728-0522fa6b88d5",
    "data": [
      {
        "text": "speak ",
        "userDefined": false
      },
      {
        "text": "Portuguese",
        "meta": "@sys.language",
        "alias": "language",
        "userDefined": false
      }
    ],
    "isTemplate": false,
    "count": 0,
    "lang": "en",
    "updated": 0
  },
  {
    "id": "80c03246-81ac-4d4c-a2cf-0c1206deb625",
    "data": [
      {
        "text": "speak ",
        "userDefined": false
      },
      {
        "text": "English",
        "meta": "@sys.language",
        "alias": "language",
        "userDefined": true
      },
      {
        "text": " now",
        "userDefined": false
      }
    ],
    "isTemplate": false,
    "count": 0,
    "lang": "en",
    "updated": 0
  },
  {
    "id": "22723fa1-7f12-48e3-b83a-8e1df5ce37d9",
    "data": [
      {
        "text": "speak ",
        "userDefined": false
      },
      {
        "text": "English",
        "meta": "@sys.language",
        "alias": "language",
        "userDefined": true
      }
    ],
    "isTemplate": false,
    "count": 1,
    "lang": "en",
    "updated": 0
  }
]