[
  {
    "value": "Mattolina Corporate site",
    "synonyms": [
      "Mattolina Corporate site"
    ]
  },
  {
    "value": "Mattolina Development Center",
    "synonyms": [
      "Mattolina Development Center"
    ]
  },
  {
    "value": "Mattolina Corporate website",
    "synonyms": [
      "Mattolina Corporate website"
    ]
  },
  {
    "value": "Mattolina Development Center website",
    "synonyms": [
      "Mattolina Development Center"
    ]
  },
  {
    "value": "Mattolina",
    "synonyms": [
      "Mattolina"
    ]
  }
]